accidentDate,accidentTime,accidentDay,settlementType,settlement,district,streetType,streetName,houseNumber,locationComments,accidentType,mainAccidentCause,totalParticipantsAmount,injuryStatusParticipant1,injuryStatusParticipant2,injuryStatusParticipant3,injuryStatusParticipant4,injuryStatusParticipant5,injuryStatusParticipant6,injuryStatusParticipant7,latitude,longitude
2021-06-25,8:25:00,п'ятниця,місто,Львів,Личаківський,вулиця,Пластова,7,null,зіткнення бокове,порушення правил маневрування,2,легко травмований,без ушкоджень,null,null,null,null,null,49.862776,24.067563
2021-06-14,7:48:00,понеділок,місто,Львів,Шевченківський,вулиця,Миколайчука І.,5,null,наїзд на пішохода - пішохід рухався у попутному напрямку,порушення правил маневрування,2,без ушкоджень,легко травмований,null,null,null,null,null,49.869674,24.043069
2021-06-26,12:30:00,субота,місто,Львів,Франківський,вулиця,Мельника А.,null,null,наїзд на пішохода - пішохід рухався у зустрічному напрямку,порушення правил маневрування,2,легко травмований,без ушкоджень,null,null,null,null,null,49.831391,24.003078
2021-06-26,18:30:00,субота,місто,Львів,Залізничний,вулиця,Городоцька,300,null,зіткнення бокове,перевищення безпечної швидкості,2,без ушкоджень,легко травмований,null,null,null,null,null,49.824872,23.90992
2021-06-12,0:50:00,субота,місто,Львів,Галицький,площа,"Святого Юра, пл.",null,null,наїзд на інші види перешкод,перевищення безпечної швидкості,1,легко травмований,null,null,null,null,null,null,49.837318,24.012519
2021-06-10,10:05:00,четвер,місто,Львів,Галицький,вулиця,Гашека Я.,15А,null,наїзд на пішохода - пішохід рухався у попутному напрямку,порушення правил маневрування,2,легко травмований,без ушкоджень,null,null,null,null,null,49.839387,24.029658
2021-06-25,7:25:00,п'ятниця,місто,Львів,Франківський,вулиця,Городоцька,174,null,наїзд на пішохода - пішохід переходив дорогу поза межами піш.переходу,перехід у невстановленому місці,2,без ушкоджень,тяжко травмований,null,null,null,null,null,49.835692,23.996876
2021-06-07,20:44:00,понеділок,місто,Львів,Личаківський,вулиця,Пасічна,70,null,наїзд на пішохода - пішохід рухався у зустрічному напрямку,порушення правил маневрування,2,без ушкоджень,легко травмований,null,null,null,null,null,49.826034,24.073244
2021-06-21,14:47:00,понеділок,місто,Львів,Личаківський,вулиця,Пасічна,null,вул. Пасічна - вул. Китайська,наїзд на велосипедиста - велосипедист рухався у попутному напрямку,недодержання дистанції,2,без ушкоджень,легко травмований,null,null,null,null,null,49.821677,24.075379
2021-06-11,13:01:00,п'ятниця,місто,Львів,Личаківський,вулиця,Личаківська,64,null,падіння пасажира,порушення правил маневрування,2,без ушкоджень,легко травмований,null,null,null,null,null,49.839743,24.050258
2021-06-27,16:30:00,неділя,місто,Львів,Франківський,вулиця,Тролейбусна,12,null,"наїзд на транспортний засіб, що стоїть - по ходу руху","керування транспортним засобом у нетверезому стані,перевищення безпечної швидкості,недодержання дистанції",4,легко травмований,легко травмований,легко травмований,без ушкоджень,null,null,null,49.804539,24.006715
2021-05-26,14:01:00,середа,місто,Львів,Личаківський,вулиця,Пасічна,71,null,падіння пасажира,порушення техніки безпеки пасажиром,2,без ушкоджень,легко травмований,null,null,null,null,null,49.820947,24.07568
2021-06-23,12:04:00,середа,місто,Львів,Сихівський,вулиця,Луганська,10А,null,зіткнення з задньою частиною тз,"перевищення безпечної швидкості,порушення правил утримання автодоріг та вулиць",2,помер на місці дтп,без ушкоджень,null,null,null,null,null,49.807191,24.057451
2021-06-24,21:06:00,четвер,місто,Львів,Сихівський,вулиця,Сихівська,null,null,наїзд на пішохода - пішохід рухався у попутному напрямку,"порушення правил маневрування,порушення правил проїзду пішохідних переходів",2,без ушкоджень,легко травмований,null,null,null,null,null,null,null
2021-05-14,20:40:00,п'ятниця,місто,Львів,Сихівський,вулиця,Зелена,162,null,наїзд на пішохода - пішохід переходив дорогу поза межами піш.переходу,порушення правил маневрування,2,без ушкоджень,легко травмований,null,null,null,null,null,49.816807,24.059227
2021-06-05,15:10:00,субота,місто,Львів,Личаківський,вулиця,Керченська,9,null,"наїзд на транспортний засіб, що стоїть - по ходу руху","перевищення безпечної швидкості,недодержання дистанції",2,легко травмований,без ушкоджень,null,null,null,null,null,49.82329,24.053498
2021-06-16,0:31:00,середа,місто,Львів,Залізничний,вулиця,Авіаційна,1,null,наїзд на пішохода - пішохід рухався у зустрічному напрямку,порушення правил маневрування,2,без ушкоджень,помер у лікарні протягом 30 діб,null,null,null,null,null,49.825062,23.939869
2021-06-10,22:55:00,четвер,місто,Львів,Залізничний,вулиця,Левандівська,20,null,зіткнення бокове,порушення правил маневрування,2,легко травмований,без ушкоджень,null,null,null,null,null,49.844479,23.983814
2021-08-11,8:34:00,середа,місто,Львів,Шевченківський,вулиця,Шевченка Т.,52,null,наїзд на пішохода - пішохід рухався у зустрічному напрямку,"порушення правил проїзду перехресть,порушення правил проїзду пішохідних переходів",2,без ушкоджень,легко травмований,null,null,null,null,null,49.844376,24.011242
2021-08-01,20:01:00,неділя,місто,Львів,Сихівський,вулиця,Зелена,299,null,зіткнення з задньою частиною тз,недодержання дистанції,3,без ушкоджень,без ушкоджень,легко травмований,null,null,null,null,49.79838,24.071082
2021-08-11,20:45:00,середа,місто,Львів,Шевченківський,вулиця,Яблонської С.,null,вул. Заводська - вул. Замарстинівська,наїзд на пішохода - пішохід рухався у попутному напрямку,"порушення правил проїзду пішохідних переходів,перевищення безпечної швидкості",2,без ушкоджень,легко травмований,null,null,null,null,null,49.85366,24.028194
2021-07-29,18:40:00,четвер,місто,Львів,Сихівський,вулиця,Стрийська,null,null,наїзд на пішохода - пішохід рухався у попутному напрямку,порушення правил проїзду пішохідних переходів,2,без ушкоджень,легко травмований,null,null,null,null,null,49.792984,24.015791
2021-08-16,23:40:00,понеділок,місто,Львів,Сихівський,проспект,"Червоної Калини, просп.",57,null,зіткнення з задньою частиною тз,"керування транспортним засобом у нетверезому стані,перевищення безпечної швидкості,недодержання дистанції",3,без ушкоджень,легко травмований,без ушкоджень,null,null,null,null,49.797683,24.051733
2021-07-29,20:55:00,четвер,місто,Львів,Залізничний,вулиця,Шевченка Т.,139,null,наїзд на інші види перешкод,перевищення безпечної швидкості,1,легко травмований,null,null,null,null,null,null,49.858087,23.974668
2021-08-16,18:15:00,понеділок,місто,Львів,Шевченківський,проспект,"Чорновола В., просп.",167,null,наїзд на пішохода - пішохід рухався у зустрічному напрямку,недодержання дистанції,2,без ушкоджень,легко травмований,null,null,null,null,null,49.857589,24.020952
2021-08-09,17:39:00,понеділок,місто,Львів,Залізничний,вулиця,Чернівецька,2,null,зіткнення бокове,"недодержання дистанції,порушення правил маневрування",2,без ушкоджень,легко травмований,null,null,null,null,null,49.837488,24.001377
2021-08-19,21:03:00,четвер,місто,Львів,Залізничний,вулиця,Любінська,null,вул. Любінська - вул. Петлюри С.,зіткнення бокове,порушення правил проїзду перехресть,2,без ушкоджень,легко травмований,null,null,null,null,null,49.824058,23.977275
2021-08-05,0:30:00,четвер,місто,Львів,Залізничний,вулиця,Білогорща,2,null,наїзд на інші види перешкод,перевищення безпечної швидкості,1,легко травмований,null,null,null,null,null,null,49.843795,23.951708
2021-08-03,17:20:00,вівторок,місто,Львів,Галицький,вулиця,Городоцька,2,null,наїзд на пішохода - пішохід рухався у попутному напрямку,порушення правил маневрування,2,без ушкоджень,легко травмований,null,null,null,null,null,49.844563,24.025201
2021-08-15,4:05:00,неділя,місто,Львів,Сихівський,проспект,"Червоної Калини, просп.",60,null,наїзд на пішохода - пішохід рухався у зустрічному напрямку,неочікуваний вихід на проїзну частину,2,без ушкоджень,легко травмований,null,null,null,null,null,49.796201,24.053493
2021-08-13,18:45:00,п'ятниця,місто,Львів,Шевченківський,вулиця,Тичини П.,17,null,наїзд на пішохода - пішохід рухався у попутному напрямку,порушення правил маневрування,2,без ушкоджень,легко травмований,null,null,null,null,null,49.868433,24.034165
2021-07-31,20:30:00,субота,місто,Львів,Франківський,вулиця,Кульпарківська,200А,null,зіткнення бокове,"порушення правил маневрування,перевищення безпечної швидкості,недодержання дистанції",4,без ушкоджень,без ушкоджень,без ушкоджень,легко травмований,null,null,null,49.810414,23.983004
2021-08-03,18:05:00,вівторок,місто,Львів,Залізничний,вулиця,Збиральна,21,null,зіткнення бокове,порушення правил проїзду перехресть,2,без ушкоджень,легко травмований,null,null,null,null,null,49.825709,23.928845
2021-08-16,17:04:00,понеділок,місто,Львів,Шевченківський,вулиця,Промислова,45,null,наїзд на пішохода - пішохід рухався у попутному напрямку,порушення правил маневрування,2,без ушкоджень,легко травмований,null,null,null,null,null,49.860832,24.043279
2021-07-30,18:40:00,п'ятниця,місто,Львів,Личаківський,вулиця,Личаківська,33,null,зіткнення бокове,порушення правил маневрування,2,без ушкоджень,легко травмований,null,null,null,null,null,49.840145,24.042882
2021-07-30,10:50:00,п'ятниця,місто,Львів,Шевченківський,вулиця,Миколайчука І.,9,null,наїзд на пішохода - пішохід рухався у зустрічному напрямку,"перевищення безпечної швидкості,недодержання дистанції",2,без ушкоджень,легко травмований,null,null,null,null,null,49.877823,24.038419
2021-08-05,11:57:00,четвер,місто,Львів,Личаківський,вулиця,Пасічна,null,Перехрестя вул. Пасічна - вул. Лисинецька,зіткнення з задньою частиною тз,порушення правил проїзду перехресть,2,легко травмований,легко травмований,null,null,null,null,null,49.81652,24.077375
2021-07-31,15:27:00,субота,місто,Львів,Сихівський,вулиця,Зелена,273,null,наїзд на пішохода - пішохід рухався у зустрічному напрямку,порушення правил проїзду пішохідних переходів,2,без ушкоджень,тяжко травмований,null,null,null,null,null,49.802424,24.067242
2021-08-18,13:42:00,середа,місто,Львів,Сихівський,вулиця,Луганська,18,null,зіткнення бокове,"перевищення безпечної швидкості,недодержання дистанції",2,без ушкоджень,легко травмований,null,null,null,null,null,49.80915,24.042141
2021-08-06,20:20:00,п'ятниця,місто,Львів,Галицький,вулиця,Городоцька,101,null,наїзд на пішохода - пішохід рухався у зустрічному напрямку,недодержання дистанції,2,без ушкоджень,легко травмований,null,null,null,null,null,49.837325,24.004569
2021-08-19,15:15:00,четвер,місто,Львів,Шевченківський,вулиця,Брюховицька,267,null,наїзд на інші види перешкод,перевищення безпечної швидкості,2,без ушкоджень,легко травмований,null,null,null,null,null,49.864546,23.969073
2021-08-01,11:40:00,неділя,місто,Львів,Франківський,вулиця,Музики Я.,null,Перехрестя вул. Музики Я. - вул. Молдавська,зіткнення бокове,порушення правил проїзду перехресть,2,без ушкоджень,легко травмований,null,null,null,null,null,49.815205,23.995514
2021-08-01,23:30:00,неділя,місто,Львів,Залізничний,вулиця,Городоцька,116,null,зіткнення з задньою частиною тз,"перевищення безпечної швидкості,недодержання дистанції",4,без ушкоджень,легко травмований,легко травмований,без ушкоджень,null,null,null,49.835609,23.99265
2021-08-02,17:25:00,понеділок,місто,Львів,Шевченківський,вулиця,Бетховена Л.,null,вул. Бетховена Л. - вул. Липинського В.,наїзд на пішохода - пішохід рухався у попутному напрямку,порушення правил маневрування,2,без ушкоджень,легко травмований,null,null,null,null,null,49.863564,24.033258
2021-08-17,16:50:00,вівторок,місто,Львів,Шевченківський,вулиця,Липинського В.,6,null,наїзд на пішохода - пішохід рухався у зустрічному напрямку,порушення правил проїзду пішохідних переходів,2,без ушкоджень,легко травмований,null,null,null,null,null,49.862264,24.029567
2021-08-12,18:45:00,четвер,місто,Львів,Личаківський,вулиця,Личаківська,150,null,наїзд на пішохода - пішохід рухався у попутному напрямку,перехід у невстановленому місці,2,без ушкоджень,легко травмований,null,null,null,null,null,49.835803,24.069639
2021-08-17,19:30:00,вівторок,місто,Львів,Шевченківський,вулиця,Величковського І.,null,Перехрестя вул. Величковського І. - вул. Шевченка Т.,зіткнення з задньою частиною тз,порушення правил проїзду перехресть,3,легко травмований,легко травмований,без ушкоджень,null,null,null,null,49.872843,23.928656
2021-08-17,18:40:00,вівторок,місто,Львів,Залізничний,вулиця,Петлюри С.,null,Перехрестя вул. Петлюри С. - вул. Любінська,зіткнення з задньою частиною тз,"порушення правил проїзду перехресть,перевищення безпечної швидкості,недодержання дистанції",2,без ушкоджень,легко травмований,null,null,null,null,null,49.823948,23.977468
2021-08-12,16:50:00,четвер,місто,Львів,Шевченківський,вулиця,Шевченка Т.,376,null,наїзд на пішохода - пішохід рухався у попутному напрямку,перехід у невстановленому місці,2,без ушкоджень,легко травмований,null,null,null,null,null,49.870158,23.948044
2021-08-18,19:01:00,середа,місто,Львів,Залізничний,вулиця,Широка,64,null,наїзд на пішохода - пішохід рухався у зустрічному напрямку,порушення правил проїзду пішохідних переходів,2,без ушкоджень,легко травмований,null,null,null,null,null,49.842003,23.96969
2021-08-03,20:07:00,вівторок,місто,Львів,Залізничний,вулиця,Збиральна,21,null,наїзд на пішохода - пішохід рухався у попутному напрямку,порушення правил маневрування,2,без ушкоджень,легко травмований,null,null,null,null,null,49.82573,23.929113
2021-08-06,16:52:00,п'ятниця,місто,Львів,Франківський,вулиця,Княгині Ольги,5,null,наїзд на пішохода - на регульованому пішохідному переході,порушення правил проїзду пішохідних переходів,2,без ушкоджень,легко травмований,null,null,null,null,null,49.826093,24.009861
2021-07-27,22:04:00,вівторок,місто,Львів,Сихівський,вулиця,Стуса В.,57А,null,наїзд на пішохода - пішохід рухався у попутному напрямку,перехід у невстановленому місці,2,без ушкоджень,легко травмований,null,null,null,null,null,49.817385,24.044781
2021-07-26,15:50:00,понеділок,місто,Львів,Сихівський,вулиця,Сихівська,null,Сихівський Міст,наїзд на пішохода - пішохід рухався у попутному напрямку,"перехід у невстановленому місці,порушення правил маневрування",2,без ушкоджень,легко травмований,null,null,null,null,null,49.79599,24.071753
2021-08-20,17:20:00,п'ятниця,місто,Львів,Залізничний,вулиця,Залізнична,null,null,зіткнення бокове,недодержання дистанції,2,без ушкоджень,легко травмований,null,null,null,null,null,49.836882,24.002584
2021-08-12,19:59:00,четвер,місто,Львів,Франківський,вулиця,Городоцька,169,null,падіння пасажира,порушення правил перевезення пасажирів,2,без ушкоджень,легко травмований,null,null,null,null,null,49.835609,23.997005
2021-08-14,12:30:00,субота,місто,Львів,Галицький,вулиця,Шевченка Т.,22,null,наїзд на пішохода - пішохід рухався у зустрічному напрямку,порушення правил проїзду пішохідних переходів,2,без ушкоджень,легко травмований,null,null,null,null,null,49.842982,24.015507
2021-08-12,19:25:00,четвер,місто,Львів,Залізничний,вулиця,Чернівецька,2,null,падіння пасажира,порушення правил перевезення пасажирів,2,без ушкоджень,тяжко травмований,null,null,null,null,null,49.837508,24.001307
2021-08-01,19:57:00,неділя,місто,Львів,Личаківський,вулиця,Личаківська,15,null,наїзд на пішохода - пішохід рухався у попутному напрямку,порушення правил проїзду пішохідних переходів,2,без ушкоджень,легко травмований,null,null,null,null,null,49.839954,24.039583
2021-07-03,10:01:00,субота,місто,Львів,Франківський,вулиця,Коновальця Є.,89,null,зіткнення бокове,порушення правил проїзду перехресть,1,легко травмований,null,null,null,null,null,null,49.827609,23.998389
2021-08-09,14:10:00,понеділок,місто,Львів,Франківський,вулиця,Наукова,5,null,зіткнення бокове,"перевищення безпечної швидкості,недодержання дистанції",2,легко травмований,без ушкоджень,null,null,null,null,null,49.802216,24.007385
2021-08-06,4:10:00,п'ятниця,місто,Львів,Галицький,вулиця,Митрополита Андрея,10,null,"наїзд на транспортний засіб, що стоїть - по ходу руху",перевищення безпечної швидкості,2,легко травмований,легко травмований,null,null,null,null,null,49.836477,24.010416
2021-08-01,22:49:00,неділя,місто,Львів,Галицький,вулиця,Замарстинівська,14,null,наїзд на пішохода - пішохід рухався у попутному напрямку,неочікуваний вихід на проїзну частину,2,без ушкоджень,легко травмований,null,null,null,null,null,49.84872,24.0278
2021-08-20,16:02:00,п'ятниця,місто,Львів,Франківський,вулиця,Стрийська,260,null,наїзд на пішохода - пішохід рухався у попутному напрямку,порушення правил проїзду пішохідних переходів,2,без ушкоджень,легко травмований,null,null,null,null,null,49.792056,24.015453
2021-08-21,19:56:00,субота,місто,Львів,Сихівський,проспект,"Червоної Калини, просп.",68,null,"наїзд на транспортний засіб, що стоїть - по ходу руху","недодержання дистанції,перевищення безпечної швидкості",2,легко травмований,без ушкоджень,null,null,null,null,null,49.789951,24.058696
2021-08-04,0:35:00,середа,місто,Львів,Шевченківський,вулиця,Замарстинівська,294,null,зіткнення лобове,недодержання дистанції,2,помер на місці дтп,без ушкоджень,null,null,null,null,null,49.885123,23.993196
2021-08-13,13:32:00,п'ятниця,місто,Львів,Шевченківський,вулиця,Кульпарківська,226,null,наїзд на велосипедиста - на велосипедній доріжці,"порушення правил проїзду пішохідних переходів,порушення правил маневрування",2,без ушкоджень,легко травмований,null,null,null,null,null,49.880518,23.981384
2021-08-15,16:10:00,неділя,місто,Львів,Личаківський,вулиця,Личаківська,54,null,зіткнення з задньою частиною тз,недодержання дистанції,3,легко травмований,без ушкоджень,без ушкоджень,null,null,null,null,49.839834,24.049072
2021-07-28,11:15:00,середа,місто,Львів,Шевченківський,вулиця,Липинського В.,50Б,null,зіткнення бокове,"виїзд на смугу зустрічного руху,керування транспортним засобом у нетверезому стані",2,без ушкоджень,легко травмований,null,null,null,null,null,49.864692,24.04011
2021-08-03,13:40:00,вівторок,місто,Львів,Франківський,вулиця,Бойчука М.,38,null,наїзд на пішохода - пішохід рухався у зустрічному напрямку,порушення правил маневрування,2,без ушкоджень,легко травмований,null,null,null,null,null,49.813273,23.995369
2021-09-22,20:48:00,середа,місто,Львів,Сихівський,вулиця,Зелена,407,null,наїзд на пішохода - пішохід рухався у попутному напрямку,перехід у невстановленому місці,2,без ушкоджень,тяжко травмований,null,null,null,null,null,49.785968,24.076511
2021-10-03,21:50:00,неділя,місто,Львів,Личаківський,вулиця,Глинянський Тракт,163,null,наїзд на пішохода,порушення правил маневрування,2,без ушкоджень,легко травмований,null,null,null,null,null,49.842094,24.1021
2021-09-23,16:01:00,четвер,місто,Львів,Залізничний,вулиця,Патона Є.,null,Арсен,наїзд на пішохода - пішохід рухався у попутному напрямку,порушення правил маневрування,2,без ушкоджень,легко травмований,null,null,null,null,null,49.823338,23.958757
2021-10-01,16:55:00,п'ятниця,місто,Львів,Личаківський,вулиця,Личаківська,105,null,наїзд на пішохода - на регульованому пішохідному переході,порушення правил проїзду пішохідних переходів,4,без ушкоджень,легко травмований,легко травмований,легко травмований,null,null,null,49.838773,24.054049
2021-09-27,17:39:00,понеділок,місто,Львів,Сихівський,вулиця,Литвиненка С.,8,null,наїзд на пішохода - пішохід рухався у зустрічному напрямку,порушення правил маневрування,2,без ушкоджень,помер у лікарні протягом 30 діб,null,null,null,null,null,49.813564,24.039829
2021-09-23,14:10:00,четвер,місто,Львів,Франківський,вулиця,Музики Я.,null,вул. Музики Я. - вул. Сонячна,зіткнення бокове,невиконання вимог сигналів регулювання,2,без ушкоджень,легко травмований,null,null,null,null,null,49.815094,23.996576
2021-09-29,14:40:00,середа,місто,Львів,Сихівський,вулиця,Сихівська,14,null,наїзд на пішохода - пішохід рухався у зустрічному напрямку,порушення правил маневрування,2,без ушкоджень,легко травмований,null,null,null,null,null,49.796094,24.062591
2021-09-25,23:55:00,субота,місто,Львів,Залізничний,вулиця,Широка,100,null,наїзд на інші види перешкод,"перевищення безпечної швидкості,недодержання дистанції,керування транспортним засобом у нетверезому стані",2,легко травмований,легко травмований,null,null,null,null,null,49.842688,23.959905
2021-09-27,16:27:00,понеділок,місто,Львів,Сихівський,вулиця,Демнянська,26,null,наїзд на пішохода - пішохід рухався у попутному напрямку,пішоходи невиконання вимог сигналів регулювання,2,без ушкоджень,легко травмований,null,null,null,null,null,49.798123,24.028709
2021-09-24,20:30:00,п'ятниця,місто,Львів,Франківський,вулиця,Городоцька,138,null,наїзд на пішохода - пішохід рухався у зустрічному напрямку,неочікуваний вихід на проїзну частину,2,без ушкоджень,легко травмований,null,null,null,null,null,49.833367,23.983777
2021-09-19,12:38:00,неділя,місто,Львів,Залізничний,вулиця,Любінська,152,null,наїзд на інші види перешкод,перевищення безпечної швидкості,1,легко травмований,null,null,null,null,null,null,49.819992,23.965216
2021-09-23,16:50:00,четвер,місто,Львів,Залізничний,вулиця,Городоцька,359,null,наїзд на пішохода - пішохід рухався у попутному напрямку,порушення правил маневрування,2,без ушкоджень,легко травмований,null,null,null,null,null,49.821321,23.921925
2021-09-17,15:01:00,п'ятниця,місто,Львів,Галицький,вулиця,Свєнціцького І.,17,null,наїзд на пішохода - на нерегульованому пішохідному переході,"порушення правил маневрування,порушення правил проїзду пішохідних переходів",2,без ушкоджень,легко травмований,null,null,null,null,null,49.822994,24.037498
2021-10-01,12:56:00,п'ятниця,місто,Львів,Залізничний,вулиця,Городоцька,174,null,наїзд на пішохода - пішохід переходив дорогу поза межами піш.переходу,порушення правил маневрування,2,без ушкоджень,легко травмований,null,null,null,null,null,49.830551,23.967752
2021-10-11,21:01:00,понеділок,місто,Львів,Сихівський,проспект,"Червоної Калини, просп.",79,null,наїзд на пішохода - пішохід рухався у попутному напрямку,пішоходи невиконання вимог сигналів регулювання,2,без ушкоджень,помер на місці дтп,null,null,null,null,null,49.794986,24.056861
2021-09-22,12:31:00,середа,місто,Львів,Франківський,вулиця,Княгині Ольги,26,null,зіткнення бокове,порушення правил проїзду пішохідних переходів,2,без ушкоджень,легко травмований,null,null,null,null,null,49.823854,24.006779
2021-09-30,23:06:00,четвер,місто,Львів,Франківський,вулиця,Копистинського Т.,3,null,наїзд на пішохода - пішохід рухався у зустрічному напрямку,"перевищення безпечної швидкості,порушення правил проїзду пішохідних переходів,керування транспортним засобом у нетверезому стані",2,без ушкоджень,легко травмований,null,null,null,null,null,49.829194,23.988208
2021-09-25,15:40:00,субота,місто,Львів,Сихівський,вулиця,Стрийська,null,Перехрестя вул. Стрийська - вул. Рубчака,"наїзд на транспортний засіб, що стоїть - по ходу руху","перевищення безпечної швидкості,недодержання дистанції",4,без ушкоджень,легко травмований,без ушкоджень,легко травмований,null,null,null,49.805146,24.018821
2021-09-22,20:52:00,середа,місто,Львів,Сихівський,вулиця,Морозна,null,вул. Морозна - вул. Сихівська,наїзд на інші види перешкод,перевищення безпечної швидкості,1,легко травмований,null,null,null,null,null,null,49.79545,24.069307
2021-09-08,2:40:00,середа,місто,Львів,Шевченківський,вулиця,Базарна,11,null,наїзд на пішохода - на нерегульованому пішохідному переході,порушення правил проїзду пішохідних переходів,2,без ушкоджень,легко травмований,null,null,null,null,null,49.84623,24.018683
2021-10-06,16:27:00,середа,місто,Львів,Шевченківський,вулиця,"Івана Мазепи І., гетьм.",23,null,наїзд на пішохода,порушення правил проїзду пішохідних переходів,1,легко травмований,null,null,null,null,null,null,49.871925,24.038708
2021-09-20,10:30:00,понеділок,місто,Львів,Шевченківський,вулиця,Замарстинівська,54,null,наїзд на пішохода - пішохід рухався у попутному напрямку,"перевищення безпечної швидкості,недодержання дистанції",2,без ушкоджень,легко травмований,null,null,null,null,null,49.854189,24.028435
2021-09-24,20:50:00,п'ятниця,місто,Львів,Шевченківський,вулиця,Хмельницького Б.,225,null,зіткнення бокове,"керування транспортним засобом у нетверезому стані,порушення правил проїзду пішохідних переходів",2,без ушкоджень,легко травмований,null,null,null,null,null,49.864031,24.05243
2021-10-07,8:40:00,четвер,місто,Львів,Шевченківський,вулиця,Хмельницького Б.,225,null,наїзд на пішохода,"порушення правил маневрування,порушення правил проїзду пішохідних переходів",2,без ушкоджень,легко травмований,null,null,null,null,null,49.863986,24.052361
2021-09-30,19:30:00,четвер,місто,Львів,Шевченківський,вулиця,Липинського В.,54,null,наїзд на пішохода - пішохід рухався у зустрічному напрямку,"порушення правил проїзду пішохідних переходів,керування транспортним засобом у нетверезому стані",2,без ушкоджень,легко травмований,null,null,null,null,null,49.862952,24.031493
2021-09-24,13:01:00,п'ятниця,місто,Львів,Галицький,вулиця,Коперника М.,40,null,наїзд на пішохода - на регульованому пішохідному переході,"порушення правил маневрування,порушення правил проїзду пішохідних переходів",2,без ушкоджень,легко травмований,null,null,null,null,null,49.836109,24.022442
2021-09-18,12:50:00,субота,місто,Львів,Шевченківський,вулиця,Замарстинівська,67,null,зіткнення бокове,порушення правил маневрування,3,без ушкоджень,без ушкоджень,легко травмований,null,null,null,null,49.856921,24.027566
2021-10-06,7:53:00,середа,місто,Львів,Залізничний,вулиця,Виговського І.,21,null,наїзд на пішохода,порушення правил обгону,2,без ушкоджень,легко травмований,null,null,null,null,null,49.825321,23.967678
2021-09-20,23:20:00,понеділок,місто,Львів,Шевченківський,вулиця,Студинського К.,15,null,наїзд на пішохода - на регульованому пішохідному переході,перевищення безпечної швидкості,2,без ушкоджень,легко травмований,null,null,null,null,null,49.879219,24.043268
2021-10-12,14:36:00,вівторок,місто,Львів,Шевченківський,вулиця,Шевченка Т.,34,null,зіткнення бокове,перевищення безпечної швидкості,2,легко травмований,без ушкоджень,null,null,null,null,null,49.8435,24.013785
2021-09-30,9:02:00,четвер,місто,Львів,Сихівський,вулиця,Мирного Панаса,null,Перехрестя вул. Мирного Панаса - вул. Ярославенка Я.,наїзд на велосипедиста - поза межами велосипедної доріжки,"порушення правил маневрування,порушення правил проїзду перехресть",2,без ушкоджень,помер у лікарні протягом 30 діб,null,null,null,null,null,49.815052,24.032121
2021-09-21,21:21:00,вівторок,місто,Львів,Франківський,вулиця,Городоцька,165,null,перекидання тз,перевищення безпечної швидкості,1,легко травмований,null,null,null,null,null,null,49.835862,23.997788
2021-09-24,15:20:00,п'ятниця,місто,Львів,Личаківський,вулиця,Личаківська,35,null,зіткнення бокове,перевищення безпечної швидкості,2,без ушкоджень,легко травмований,null,null,null,null,null,49.840314,24.043552
2021-10-01,7:30:00,п'ятниця,місто,Львів,Личаківський,вулиця,Пасічна,71,null,зіткнення з задньою частиною тз,порушення правил маневрування,5,без ушкоджень,без ушкоджень,без ушкоджень,легко травмований,легко травмований,null,null,49.821718,24.073352
2021-09-27,17:18:00,понеділок,місто,Львів,Шевченківський,вулиця,Липинського В.,13А,null,зіткнення бокове,порушення правил маневрування,2,без ушкоджень,легко травмований,null,null,null,null,null,49.858215,24.024299
2021-10-05,17:44:00,вівторок,місто,Львів,Личаківський,вулиця,Глинянський Тракт,70,null,наїзд на велосипедиста - велосипедист рухався у попутному напрямку,порушення правил маневрування,2,легко травмований,без ушкоджень,null,null,null,null,null,49.840183,24.085153
2021-10-07,9:30:00,четвер,місто,Львів,Шевченківський,вулиця,Шевченка Т.,132,null,зіткнення бокове,порушення правил маневрування,3,легко травмований,без ушкоджень,без ушкоджень,null,null,null,null,49.851097,23.991523
2021-10-08,9:40:00,п'ятниця,місто,Львів,Шевченківський,вулиця,Шевченка Т.,24,null,наїзд на пішохода - на нерегульованому пішохідному переході,"керування транспортним засобом у нетверезому стані,порушення правил проїзду пішохідних переходів",2,без ушкоджень,легко травмований,null,null,null,null,null,49.842957,24.015627
2021-09-27,11:10:00,понеділок,місто,Львів,Шевченківський,вулиця,"Мазепи І., гетьм.",16,null,зіткнення бокове,недодержання дистанції,3,легко травмований,без ушкоджень,легко травмований,null,null,null,null,49.83499,23.891396
2021-10-01,19:10:00,п'ятниця,місто,Львів,Франківський,вулиця,Житомирська,null,вул. Житомирська - вул. Антоновича В.,наїзд на пішохода - пішохід рухався у попутному напрямку,порушення правил проїзду пішохідних переходів,2,без ушкоджень,легко травмований,null,null,null,null,null,49.825879,23.990976