accidentDate,accidentTime,accidentDay,settlementType,settlement,district,streetType,streetName,houseNumber,locationComments,accidentType,mainAccidentCause,totalParticipantsAmount,injuryStatusParticipant1,injuryStatusParticipant2,injuryStatusParticipant3,injuryStatusParticipant4,injuryStatusParticipant5,injuryStatusParticipant6,injuryStatusParticipant7,latitude,longitude
2021-07-17,10:44:00,субота,місто,Львів,Сихівський,вулиця,Довженка О.,2,null,зіткнення бокове,перевищення безпечної швидкості,2,легко травмований,без ушкоджень,null,null,null,null,null,49.797036,24.053653
2021-07-23,16:07:00,п'ятниця,місто,Львів,Галицький,вулиця,Опришківська,3,null,наїзд на пішохода - пішохід рухався у попутному напрямку,порушення правил зупинки і стоянки транспортного засобу,2,без ушкоджень,легко травмований,null,null,null,null,null,49.851716,24.04242
2021-06-29,7:50:00,вівторок,місто,Львів,Шевченківський,вулиця,Миколайчука І.,9,null,наїзд на пішохода - пішохід рухався у зустрічному напрямку,"керування транспортним засобом у нетверезому стані,порушення правил проїзду пішохідних переходів",2,без ушкоджень,легко травмований,null,null,null,null,null,49.871296,24.042506
2021-07-20,19:44:00,вівторок,місто,Львів,Сихівський,вулиця,Стрийська,null,вул. Стрийська - вул. Січових Стрільців,зіткнення бокове,перевищення безпечної швидкості,2,без ушкоджень,легко травмований,null,null,null,null,null,49.783716,24.013989
2021-07-25,0:48:00,неділя,місто,Львів,Шевченківський,вулиця,"Мазепи І., гетьм.",46,null,наїзд на інші види перешкод,перевищення безпечної швидкості,2,без ушкоджень,легко травмований,null,null,null,null,null,49.83847,23.89116
2021-07-05,17:30:00,понеділок,місто,Львів,Шевченківський,вулиця,Тунельна,54,null,"наїзд на транспортний засіб, що стоїть - по ходу руху",недодержання дистанції,2,без ушкоджень,легко травмований,null,null,null,null,null,49.863713,24.005883
2021-07-15,13:17:00,четвер,місто,Львів,Шевченківський,вулиця,"Сахарова А., акад.",42,null,наїзд на пішохода - пішохід рухався у зустрічному напрямку,"порушення правил маневрування,порушення правил проїзду перехресть",2,без ушкоджень,легко травмований,null,null,null,null,null,49.845632,24.008661
2021-07-03,22:01:00,субота,місто,Львів,Галицький,вулиця,Городоцька,null,Біля Церкви Анни,наїзд на пішохода - на нерегульованому пішохідному переході,порушення правил проїзду пішохідних переходів,3,без ушкоджень,легко травмований,легко травмований,null,null,null,null,49.842425,24.017626
2021-07-06,16:04:00,вівторок,місто,Львів,Залізничний,вулиця,Кульпарківська,226,null,наїзд на інші види перешкод,перевищення безпечної швидкості,1,легко травмований,null,null,null,null,null,null,49.806696,23.981674
2021-07-07,19:50:00,середа,місто,Львів,Шевченківський,вулиця,Жовківська,18,null,зіткнення з задньою частиною тз,перевищення безпечної швидкості,4,без ушкоджень,без ушкоджень,легко травмований,легко травмований,null,null,null,49.856537,24.036895
2021-06-27,16:50:00,неділя,місто,Львів,Галицький,вулиця,Городницька,57,null,падіння пасажира,"порушення правил перевезення пасажирів,порушення правил маневрування",2,без ушкоджень,легко травмований,null,null,null,null,null,49.842438,24.017621
2021-07-16,8:25:00,п'ятниця,місто,Львів,Шевченківський,вулиця,Шевченка Т.,316,null,зіткнення бокове,порушення правил обгону,2,легко травмований,без ушкоджень,null,null,null,null,null,49.864315,23.960098
2021-07-14,17:45:00,середа,місто,Львів,Шевченківський,проспект,"Чорновола В., просп.",69А,null,зіткнення бокове,порушення правил маневрування,2,без ушкоджень,легко травмований,null,null,null,null,null,49.860162,24.019589
2021-07-24,21:34:00,субота,місто,Львів,Залізничний,вулиця,Городоцька,null,null,падіння пасажира,"порушення техніки безпеки пасажиром,порушення правил маневрування",2,без ушкоджень,легко травмований,null,null,null,null,null,49.831201,23.97176
2021-07-23,23:30:00,п'ятниця,місто,Львів,Франківський,вулиця,Княгині Ольги,114,null,наїзд на пішохода - пішохід рухався у попутному напрямку,порушення правил проїзду пішохідних переходів,2,без ушкоджень,помер на місці дтп,null,null,null,null,null,49.80816,23.998116
2021-06-29,18:04:00,вівторок,місто,Львів,Шевченківський,вулиця,Замарстинівська,85Б,null,наїзд на пішохода - пішохід рухався у зустрічному напрямку,порушення правил проїзду пішохідних переходів,2,без ушкоджень,легко травмований,null,null,null,null,null,49.865158,24.025421
2021-07-21,17:09:00,середа,місто,Львів,Галицький,проспект,"Свободи, просп.",15,null,наїзд на пішохода - пішохід рухався у попутному напрямку,перехід у невстановленому місці,2,без ушкоджень,легко травмований,null,null,null,null,null,49.841058,24.027084
2021-07-24,0:20:00,субота,місто,Львів,Франківський,вулиця,Стрийська,null,вул. Стрийська - вул. Наукова,зіткнення бокове,невиконання вимог сигналів регулювання,3,легко травмований,без ушкоджень,без ушкоджень,null,null,null,null,49.801821,24.017873
2021-07-09,16:35:00,п'ятниця,місто,Львів,Личаківський,вулиця,Пасічна,98,null,зіткнення бокове,порушення правил обгону,2,легко травмований,без ушкоджень,null,null,null,null,null,49.820826,24.075744
2021-07-20,20:01:00,вівторок,місто,Львів,Галицький,вулиця,Шевченка Т.,22,null,наїзд на пішохода - на нерегульованому пішохідному переході,порушення правил проїзду пішохідних переходів,2,без ушкоджень,легко травмований,null,null,null,null,null,49.842928,24.01554
2021-07-19,13:33:00,понеділок,місто,Львів,Сихівський,вулиця,Стрийська,148,null,зіткнення бокове,"виїзд на смугу зустрічного руху,недодержання дистанції,перевищення безпечної швидкості",7,легко травмований,без ушкоджень,легко травмований,без ушкоджень,без ушкоджень,легко травмований,без ушкоджень,49.803937,24.018468
2021-06-30,23:07:00,середа,місто,Львів,Залізничний,вулиця,Городоцька,291,null,зіткнення бокове,"порушення правил маневрування,недодержання дистанції",7,легко травмований,легко травмований,легко травмований,легко травмований,легко травмований,легко травмований,легко травмований,49.829466,23.960627
2021-07-17,7:32:00,субота,місто,Львів,Шевченківський,вулиця,Ткацька,15,null,наїзд на інші види перешкод,"перевтома, сон за кермом",1,легко травмований,null,null,null,null,null,null,49.855399,24.030055
2021-07-21,16:30:00,середа,місто,Львів,Сихівський,вулиця,Зелена,395,null,зіткнення бокове,недодержання дистанції,2,легко травмований,без ушкоджень,null,null,null,null,null,49.788503,24.074628
2021-06-28,16:10:00,понеділок,місто,Львів,Залізничний,вулиця,Виговського І.,29,null,перекидання тз,порушення правил маневрування,1,легко травмований,null,null,null,null,null,null,49.823439,23.967496
2021-07-19,22:20:00,понеділок,місто,Львів,Шевченківський,вулиця,Винниця,31,null,зіткнення бокове,порушення правил маневрування,3,легко травмований,без ушкоджень,без ушкоджень,null,null,null,null,49.862271,23.996104
2021-07-04,10:05:00,неділя,місто,Львів,Залізничний,вулиця,Шевченка Т.,111,null,зіткнення бокове,порушення правил маневрування,2,легко травмований,без ушкоджень,null,null,null,null,null,49.850711,23.99246
2021-07-15,17:36:00,четвер,місто,Львів,Шевченківський,вулиця,Городоцька,168,null,наїзд на пішохода - пішохід рухався у зустрічному напрямку,"перевищення безпечної швидкості,порушення правил маневрування",2,без ушкоджень,легко травмований,null,null,null,null,null,49.868973,24.024464
2021-07-17,20:10:00,субота,місто,Львів,Сихівський,вулиця,Вашингтона Дж.,4,null,наїзд на пішохода - пішохід рухався у попутному напрямку,"перевищення безпечної швидкості,порушення правил маневрування",2,без ушкоджень,легко травмований,null,null,null,null,null,49.813924,24.066603
2021-06-29,21:12:00,вівторок,місто,Львів,Залізничний,вулиця,Левандівська,5,null,наїзд на пішохода - пішохід рухався у зустрічному напрямку,перехід у невстановленому місці,2,без ушкоджень,легко травмований,null,null,null,null,null,49.846683,23.989999
2021-07-02,15:55:00,п'ятниця,місто,Львів,Галицький,площа,"Кропивницького М., пл.",2,null,зіткнення бокове,неочікуваний вихід на проїзну частину,2,без ушкоджень,легко травмований,null,null,null,null,null,49.836702,24.005883
2021-06-27,16:05:00,неділя,місто,Львів,Галицький,вулиця,Університетська,1,null,наїзд на пішохода - пішохід рухався у попутному напрямку,порушення правил маневрування,2,без ушкоджень,легко травмований,null,null,null,null,null,49.839698,24.021907
2021-07-23,13:48:00,п'ятниця,місто,Львів,Сихівський,вулиця,Хуторівка,null,null,падіння пасажира,"порушення правил перевезення пасажирів,порушення правил маневрування",2,без ушкоджень,легко травмований,null,null,null,null,null,49.799882,24.034814
2021-06-30,11:20:00,середа,місто,Львів,Шевченківський,вулиця,Шевченка Т.,154,null,наїзд на пішохода - пішохід рухався у зустрічному напрямку,неочікуваний вихід на проїзну частину,2,без ушкоджень,легко травмований,null,null,null,null,null,49.854421,23.986169
2021-07-21,13:01:00,середа,місто,Львів,Сихівський,вулиця,Вернадського В.,null,null,падіння пасажира,порушення правил маневрування,2,без ушкоджень,легко травмований,null,null,null,null,null,49.786446,24.025319
2021-08-23,21:50:00,понеділок,місто,Львів,Галицький,вулиця,Городоцька,null,"Перехрестя вул. Городоцька - вул. Огієнка І., 20",наїзд на пішохода - пішохід рухався у зустрічному напрямку,"перевищення безпечної швидкості,недодержання дистанції",2,без ушкоджень,легко травмований,null,null,null,null,null,49.842694,24.018613
2021-08-30,18:01:00,понеділок,місто,Львів,Шевченківський,вулиця,Ткацька,1,null,наїзд на пішохода - стояв на проїздній частині,перехід у невстановленому місці,2,без ушкоджень,легко травмований,null,null,null,null,null,49.854753,24.028301
2021-08-29,13:35:00,неділя,місто,Львів,Залізничний,вулиця,Сяйво,12,null,наїзд на інші види перешкод,перевищення безпечної швидкості,2,легко травмований,легко травмований,null,null,null,null,null,49.8393525,23.9769666
2021-08-23,17:38:00,понеділок,місто,Львів,Шевченківський,проспект,"Чорновола В., просп.",null,"Перехрестя Чорновола В.,просп. - вул. Хімічна",наїзд на пішохода - пішохід рухався у зустрічному напрямку,порушення правил маневрування,2,без ушкоджень,легко травмований,null,null,null,null,null,49.853674,24.023135
2021-09-13,8:05:00,понеділок,місто,Львів,Залізничний,вулиця,Петлюри С.,30А,null,наїзд на пішохода - пішохід рухався у попутному напрямку,"порушення правил маневрування,порушення правил проїзду пішохідних переходів",2,без ушкоджень,легко травмований,null,null,null,null,null,49.81982748,23.98025116
2021-09-03,12:56:00,п'ятниця,місто,Львів,Сихівський,вулиця,Зелена,255,null,зіткнення бокове,порушення правил маневрування,2,без ушкоджень,легко травмований,null,null,null,null,null,49.80331,24.064307
2021-08-25,19:30:00,середа,місто,Львів,Сихівський,вулиця,Скорини Ф.,18,null,зіткнення бокове,порушення правил маневрування,2,без ушкоджень,тяжко травмований,null,null,null,null,null,49.798712,24.022695
2021-09-16,11:40:00,четвер,місто,Львів,Франківський,вулиця,Наукова,95Б,null,наїзд на пішохода - пішохід рухався у попутному напрямку,порушення правил маневрування,2,без ушкоджень,легко травмований,null,null,null,null,null,49.805391,23.982827
2021-09-15,22:40:00,середа,місто,Львів,Франківський,вулиця,Княгині Ольги,98Б,null,наїзд на інші види перешкод,перевищення безпечної швидкості,2,без ушкоджень,тяжко травмований,null,null,null,null,null,49.818618,24.003389
2021-08-22,14:11:00,неділя,місто,Львів,Залізничний,вулиця,Роксоляни,59,null,наїзд на пішохода - пішохід рухався у зустрічному напрямку,порушення правил маневрування,2,без ушкоджень,легко травмований,null,null,null,null,null,49.848784,23.961375
2021-08-30,8:10:00,понеділок,місто,Львів,Шевченківський,вулиця,Липинського В.,58,null,наїзд на пішохода - пішохід рухався у попутному напрямку,перехід у невстановленому місці,2,легко травмований,легко травмований,null,null,null,null,null,49.864823,24.048584
2021-08-30,15:30:00,понеділок,місто,Львів,Залізничний,вулиця,Бортнянського Д.,12,null,наїзд на велосипедиста - поза межами велосипедної доріжки,порушення правил маневрування,2,без ушкоджень,легко травмований,null,null,null,null,null,49.845324,24.001629
2021-08-28,8:50:00,субота,місто,Львів,Шевченківський,вулиця,Липинського В.,50Б,null,зіткнення бокове,порушення правил маневрування,2,без ушкоджень,легко травмований,null,null,null,null,null,49.864477,24.037582
2021-09-04,20:45:00,субота,місто,Львів,Франківський,вулиця,"Чупринки Т., ген.",20,null,наїзд на пішохода - пішохід рухався у попутному напрямку,порушення правил проїзду пішохідних переходів,2,без ушкоджень,легко травмований,null,null,null,null,null,49.829401,24.006329
2021-09-04,15:40:00,субота,місто,Львів,Шевченківський,вулиця,Замарстинівська,106,null,зіткнення бокове,порушення правил маневрування,2,без ушкоджень,легко травмований,null,null,null,null,null,49.858671,24.027255
2021-09-12,0:23:00,неділя,місто,Львів,Шевченківський,вулиця,Грінченка Б.,null,вул. Грінченка Б. - вул. Хмельницького Б.,зіткнення бокове,"порушення правил проїзду перехресть,порушення правил маневрування",2,без ушкоджень,легко травмований,null,null,null,null,null,49.869844,24.05714
2021-09-14,12:20:00,вівторок,місто,Львів,Франківський,вулиця,"Лазаренка Є., акад.",2,null,зіткнення бокове,"перевищення безпечної швидкості,недодержання дистанції",2,без ушкоджень,легко травмований,null,null,null,null,null,49.814644,24.016006
2021-09-13,22:15:00,понеділок,місто,Львів,Франківський,вулиця,Кульпарківська,35,null,зіткнення бокове,порушення правил маневрування,2,без ушкоджень,легко травмований,null,null,null,null,null,49.831111,23.991169
2021-08-31,10:20:00,вівторок,місто,Львів,Сихівський,вулиця,Липова Алея,1,null,наїзд на пішохода - пішохід рухався у попутному напрямку,пішоходи невиконання вимог сигналів регулювання,2,без ушкоджень,легко травмований,null,null,null,null,null,49.82049,24.05552
2021-09-15,19:16:00,середа,місто,Львів,Сихівський,вулиця,Гашека Я.,17,null,наїзд на пішохода - пішохід рухався у попутному напрямку,порушення правил маневрування,2,без ушкоджень,легко травмований,null,null,null,null,null,49.797372,24.01997
2021-09-08,13:30:00,середа,місто,Львів,Залізничний,вулиця,Бортнянського Д.,50,null,наїзд на пішохода - пішохід рухався у попутному напрямку,порушення правил маневрування,2,без ушкоджень,легко травмований,null,null,null,null,null,49.845635,23.999017
2021-09-15,8:48:00,середа,місто,Львів,Галицький,вулиця,Крушельницької С.,null,null,наїзд на пішохода - пішохід рухався у попутному напрямку,порушення правил маневрування,2,без ушкоджень,легко травмований,null,null,null,null,null,49.837159,24.02033
2021-09-08,14:04:00,середа,місто,Львів,Франківський,вулиця,Городоцька,165,null,наїзд на пішохода - пішохід рухався у попутному напрямку,недодержання дистанції,2,без ушкоджень,легко травмований,null,null,null,null,null,49.835872,23.997815
2021-09-13,8:36:00,понеділок,місто,Львів,Шевченківський,вулиця,Липинського В.,54,null,наїзд на пішохода - пішохід рухався у попутному напрямку,порушення правил проїзду пішохідних переходів,2,без ушкоджень,легко травмований,null,null,null,null,null,49.86446,24.041525
2021-08-20,15:30:00,п'ятниця,місто,Львів,Личаківський,вулиця,Китайська,null,Перехрестя вул. Китайська - вул. Пасічна,зіткнення бокове,порушення правил маневрування,2,без ушкоджень,легко травмований,null,null,null,null,null,49.821757,24.075417
2021-09-08,11:30:00,середа,місто,Львів,Личаківський,вулиця,Палія С.,null,вул. Палія С. - вул. Зелена,наїзд на пішохода - пішохід рухався у попутному напрямку,порушення правил проїзду пішохідних переходів,2,без ушкоджень,легко травмований,null,null,null,null,null,49.833927,24.036949
2021-09-13,20:25:00,понеділок,місто,Львів,Личаківський,вулиця,Воробкевича С.,24,null,"наїзд на транспортний засіб, що стоїть - по ходу руху",порушення правил маневрування,2,легко травмований,без ушкоджень,null,null,null,null,null,49.838868,24.059688
2021-09-15,21:15:00,середа,місто,Львів,Франківський,вулиця,Народна,3,null,наїзд на пішохода - пішохід рухався у попутному напрямку,неочікуваний вихід на проїзну частину,2,без ушкоджень,легко травмований,null,null,null,null,null,49.832616,23.9842
2021-09-02,12:45:00,четвер,місто,Львів,Франківський,вулиця,Стрийська,202,null,наїзд на інші види перешкод,перевищення безпечної швидкості,1,легко травмований,null,null,null,null,null,null,49.798577,24.016403
2021-09-13,10:35:00,понеділок,місто,Львів,Шевченківський,проспект,"Чорновола В., просп.",45,null,наїзд на пішохода - пішохід рухався у попутному напрямку,пішоходи невиконання вимог сигналів регулювання,2,легко травмований,без ушкоджень,null,null,null,null,null,49.852463,24.02365
2021-08-22,14:40:00,неділя,місто,Львів,Шевченківський,вулиця,Шевченка Т.,316,null,наїзд на інші види перешкод,перевищення безпечної швидкості,1,тяжко травмований,null,null,null,null,null,null,49.864235,23.96027
2021-08-29,5:14:00,неділя,місто,Львів,Франківський,вулиця,Стрийська,null,Перехрестя вул. Стрийська - вул. Володимира Великого,зіткнення з задньою частиною тз,недодержання дистанції,2,без ушкоджень,легко травмований,null,null,null,null,null,49.808157,24.01916
2021-09-15,23:50:00,середа,місто,Львів,Франківський,вулиця,Кульпарківська,36,null,зіткнення бокове,"перевищення безпечної швидкості,невиконання вимог сигналів регулювання",3,без ушкоджень,легко травмований,легко травмований,null,null,null,null,49.830215,23.990246
2021-08-30,13:10:00,понеділок,місто,Львів,Шевченківський,проспект,"Чорновола В., просп.",66,null,зіткнення бокове,перевищення безпечної швидкості,2,легко травмований,легко травмований,null,null,null,null,null,49.857367,24.021349
2021-09-10,10:12:00,п'ятниця,місто,Пасіки-Зубрицькі,N/A,вулиця,Зелена,477,null,наїзд на пішохода - пішохід переходив дорогу поза межами піш.переходу,порушення правил проїзду пішохідних переходів,2,без ушкоджень,легко травмований,null,null,null,null,null,49.782289,24.082943
2021-08-25,3:40:00,середа,місто,Львів,Шевченківський,вулиця,Липинського В.,null,Перехрестя вул. Липинського В. - вул. Замарстинівська,зіткнення бокове,"порушення правил маневрування,порушення правил проїзду перехресть,керування транспортним засобом у нетверезому стані",4,легко травмований,без ушкоджень,легко травмований,легко травмований,null,null,null,49.860168,24.026842
2021-09-10,22:10:00,п'ятниця,місто,Львів,Франківський,вулиця,Володимира Великого,54,null,наїзд на пішохода - пішохід рухався у попутному напрямку,перевищення безпечної швидкості,2,без ушкоджень,легко травмований,null,null,null,null,null,49.81201,23.988181
2021-09-11,17:15:00,субота,місто,Львів,Личаківський,вулиця,Хмельницького Б.,291,null,зіткнення бокове,порушення правил проїзду перехресть,2,легко травмований,без ушкоджень,null,null,null,null,null,49.875721,24.06236
2021-08-23,14:32:00,понеділок,місто,Львів,Галицький,вулиця,Городоцька,44,null,наїзд на пішохода - пішохід рухався у зустрічному напрямку,порушення правил маневрування,3,без ушкоджень,легко травмований,легко травмований,null,null,null,null,49.840342,24.012444
2021-09-09,8:01:00,четвер,місто,Львів,Франківський,вулиця,Володимира Великого,51,null,наїзд на пішохода - пішохід рухався у попутному напрямку,порушення правил проїзду пішохідних переходів,2,без ушкоджень,легко травмований,null,null,null,null,null,49.809839,24.002327
2021-09-01,21:15:00,середа,місто,Львів,Шевченківський,вулиця,Замарстинівська,null,вул. Замарстинівська - вул. Липинського В.,наїзд на пішохода - пішохід рухався у попутному напрямку,перехід у невстановленому місці,2,без ушкоджень,легко травмований,null,null,null,null,null,49.860051,24.026928
2021-09-04,22:25:00,субота,місто,Львів,Шевченківський,вулиця,Замарстинівська,null,вул. Замарстинівська - вул. Липинського В.,зіткнення бокове,порушення правил проїзду перехресть,3,легко травмований,без ушкоджень,без ушкоджень,null,null,null,null,49.860072,24.026869
2021-09-14,11:21:00,вівторок,місто,Львів,Залізничний,вулиця,Щирецька,null,null,зіткнення бокове,порушення правил маневрування,2,без ушкоджень,легко травмований,null,null,null,null,null,49.809985,23.974539
2021-08-25,8:30:00,середа,місто,Львів,Личаківський,вулиця,Глинянський Тракт,null,null,зіткнення бокове,порушення правил проїзду перехресть,3,без ушкоджень,без ушкоджень,легко травмований,null,null,null,null,49.843379,24.118316
2021-09-12,18:01:00,неділя,місто,Львів,Шевченківський,проспект,"Чорновола В., просп.",null,null,наїзд на пішохода - пішохід рухався у попутному напрямку,порушення правил маневрування,2,без ушкоджень,легко травмований,null,null,null,null,null,49.858515,24.020534
2021-09-15,2:35:00,середа,місто,Львів,Личаківський,вулиця,Пасічна,49,null,наїзд на інші види перешкод,порушення правил маневрування,1,легко травмований,null,null,null,null,null,null,49.82846,24.070991
2021-09-04,16:01:00,субота,місто,Львів,Франківський,вулиця,Княгині Ольги,98А,null,наїзд на пішохода - пішохід рухався у попутному напрямку,порушення правил маневрування,2,легко травмований,легко травмований,null,null,null,null,null,49.811851,23.99995
2021-08-31,8:40:00,вівторок,місто,Львів,Шевченківський,вулиця,Варшавська,null,вул. Варшавська - вул. Липинського В.,наїзд на пішохода - пішохід рухався у попутному напрямку,порушення правил проїзду пішохідних переходів,2,без ушкоджень,легко травмований,null,null,null,null,null,49.854766,24.014654
2021-08-31,10:15:00,вівторок,місто,Львів,Залізничний,вулиця,Широка,88,null,зіткнення бокове,порушення правил маневрування,2,легко травмований,без ушкоджень,null,null,null,null,null,49.84275,23.961144
2021-09-01,21:13:00,середа,місто,Львів,Залізничний,вулиця,Виговського І.,null,null,наїзд на пішохода - пішохід рухався у попутному напрямку,порушення правил проїзду перехресть,2,без ушкоджень,легко травмований,null,null,null,null,null,49.821345,23.968263
2021-08-23,23:41:00,понеділок,місто,Львів,Шевченківський,вулиця,О. Омеляна Ковча,null,null,наїзд на інші види перешкод,перевищення безпечної швидкості,3,без ушкоджень,легко травмований,легко травмований,null,null,null,null,49.858529,23.985944
2021-08-26,19:14:00,четвер,місто,Львів,Шевченківський,вулиця,Шевченка Т.,24,null,зіткнення бокове,недодержання дистанції,2,без ушкоджень,легко травмований,null,null,null,null,null,49.843044,24.015223
2021-09-06,10:13:00,понеділок,місто,Львів,Личаківський,вулиця,Богданівська,44,null,зіткнення бокове,порушення правил маневрування,2,без ушкоджень,легко травмований,null,null,null,null,null,49.855832,24.07524
2021-08-20,15:30:00,п'ятниця,місто,Львів,Личаківський,вулиця,Китайська,null,Перехрестя вул. Китайська - вул. Пасічна,зіткнення бокове,порушення правил проїзду перехресть,3,легко травмований,без ушкоджень,без ушкоджень,null,null,null,null,49.821743,24.075401
2021-09-09,2:34:00,четвер,місто,Львів,Франківський,вулиця,Щирецька,null,вул. Щирецька - вул. Кульпарківська,зіткнення бокове,перевищення безпечної швидкості,3,без ушкоджень,легко травмований,легко травмований,null,null,null,null,49.809078,23.982425
2021-09-08,9:50:00,середа,місто,Львів,Франківський,вулиця,"Чупринки Т., ген.",138,null,зіткнення бокове,перевищення безпечної швидкості,2,без ушкоджень,легко травмований,null,null,null,null,null,49.822494,23.99891
2021-09-01,14:05:00,середа,місто,Львів,Франківський,вулиця,Тролейбусна,null,вул. Тролейбусна - вул. Володимира Великого,наїзд на пішохода - пішохід рухався у попутному напрямку,"порушення правил маневрування,порушення правил проїзду пішохідних переходів",2,без ушкоджень,легко травмований,null,null,null,null,null,49.809701,24.007981
2021-08-27,9:06:00,п'ятниця,місто,Львів,Галицький,вулиця,Костюшка Т.,4,null,наїзд на пішохода - пішохід рухався у зустрічному напрямку,"порушення правил маневрування,неочікуваний вихід на проїзну частину",2,без ушкоджень,легко травмований,null,null,null,null,null,49.839567,24.024664
2021-09-10,21:01:00,п'ятниця,місто,Львів,Франківський,вулиця,Кульпарківська,null,null,зіткнення бокове,недодержання дистанції,3,легко травмований,без ушкоджень,легко травмований,null,null,null,null,49.799287,23.980161
2021-08-23,20:55:00,понеділок,місто,Львів,Шевченківський,вулиця,Шевченка Т.,132А,null,наїзд на пішохода - пішохід рухався у зустрічному напрямку,порушення правил проїзду пішохідних переходів,2,без ушкоджень,легко травмований,null,null,null,null,null,49.851187,23.991485
2021-09-06,3:40:00,понеділок,місто,Львів,Шевченківський,вулиця,Липинського В.,12,null,зіткнення бокове,"порушення правил надання безперешкодного проїзду,керування транспортним засобом у нетверезому стані",4,без ушкоджень,легко травмований,легко травмований,легко травмований,null,null,null,49.856838,24.02357
2021-10-15,19:05:00,п'ятниця,місто,Львів,Франківський,вулиця,Сімовича В.,10,null,наїзд на пішохода - пішохід рухався у попутному напрямку,перевищення безпечної швидкості,2,без ушкоджень,легко травмований,null,null,null,null,null,49.82317888,24.00159542
2021-10-25,12:40:00,понеділок,місто,Львів,Залізничний,вулиця,Виговського І.,83,null,наїзд на пішохода - пішохід рухався у попутному напрямку,порушення правил проїзду пішохідних переходів,2,без ушкоджень,легко травмований,null,null,null,null,null,49.812768,23.981164
2021-10-26,12:45:00,вівторок,місто,Львів,Залізничний,вулиця,Широка,85,null,зіткнення бокове,порушення правил маневрування,2,без ушкоджень,легко травмований,null,null,null,null,null,49.84121,23.96381
2021-10-18,21:36:00,понеділок,місто,Львів,Франківський,вулиця,Коновальця Є.,83,null,наїзд на пішохода - пішохід рухався у попутному напрямку,порушення правил проїзду пішохідних переходів,2,без ушкоджень,легко травмований,null,null,null,null,null,49.828405,24.00002
2021-10-30,10:15:00,субота,місто,Львів,Шевченківський,вулиця,Липинського В.,null,вул. Липинського В. - вул. Замарстинівська,зіткнення бокове,"невиконання вимог сигналів регулювання,порушення правил проїзду перехресть",3,без ушкоджень,без ушкоджень,легко травмований,null,null,null,null,49.861835,24.029374
2021-11-04,14:40:00,четвер,місто,Львів,Шевченківський,вулиця,Шевченка Т.,111,null,наїзд на пішохода - пішохід рухався у попутному напрямку,"порушення правил проїзду пішохідних переходів,керування транспортним засобом у нетверезому стані",2,без ушкоджень,помер на місці дтп,null,null,null,null,null,49.850893,23.99207
2021-11-05,19:47:00,п'ятниця,місто,Львів,Галицький,вулиця,Словацького Ю.,null,вул. Словацького Ю. - вул. Дорошенка П.,наїзд на пішохода - пішохід рухався у попутному напрямку,"перевищення безпечної швидкості,порушення правил маневрування",2,без ушкоджень,легко травмований,null,null,null,null,null,49.838135,24.023473
2021-10-11,13:30:00,понеділок,місто,Львів,Залізничний,вулиця,Білогорща,130,null,падіння пасажира,порушення техніки безпеки пасажиром,2,без ушкоджень,легко травмований,null,null,null,null,null,49.844168,23.949337
2021-10-24,0:43:00,неділя,місто,Львів,Сихівський,вулиця,Антонича Б. - І.,2,null,наїзд на пішохода - пішохід рухався у попутному напрямку,перехід у невстановленому місці,2,без ушкоджень,тяжко травмований,null,null,null,null,null,49.787776,24.068132
2021-11-02,13:35:00,вівторок,місто,Львів,Шевченківський,проспект,"Чорновола В., просп.",47,null,наїзд на інші види перешкод,"перевищення безпечної швидкості,недодержання дистанції",1,легко травмований,null,null,null,null,null,null,49.855603,24.022057
2021-10-19,15:40:00,вівторок,місто,Львів,Сихівський,вулиця,Трильовського К.,14,null,зіткнення бокове,порушення правил проїзду перехресть,2,легко травмований,без ушкоджень,null,null,null,null,null,49.783975,24.064334
2021-10-28,16:39:00,четвер,місто,Львів,Личаківський,вулиця,Пасічна,51,null,наїзд на пішохода,порушення правил проїзду пішохідних переходів,2,без ушкоджень,легко травмований,null,null,null,null,null,49.827813,24.071222
2021-10-21,16:35:00,четвер,місто,Львів,Шевченківський,вулиця,Шевченка Т.,358,null,зіткнення бокове,порушення правил проїзду перехресть,2,легко травмований,без ушкоджень,null,null,null,null,null,49.868526,23.952373
2021-11-01,17:05:00,понеділок,місто,Львів,Залізничний,вулиця,Яворницького Д.,11,null,наїзд на пішохода - пішохід рухався у попутному напрямку,перевищення безпечної швидкості,2,без ушкоджень,легко травмований,null,null,null,null,null,49.826996,23.973729
2021-11-01,20:25:00,понеділок,місто,Львів,Франківський,вулиця,Наукова,null,вул. Стрийська - вул. Наукова,наїзд на пішохода - пішохід рухався у попутному напрямку,пішоходи невиконання вимог сигналів регулювання,2,без ушкоджень,легко травмований,null,null,null,null,null,49.801932,24.017959